model,accuracy,f1
BERT,0.8565,0.8115234063959237
RoBERTa,0.8545,0.7981095141411797
LSTM,0.8365,0.7529680660232505
